nome,caracteristica,marca,fornecedor,preco,gramas
Farinha T55,Farinha de trigo,Nacional,Makro,"€0,89",1000
Açúcar branco,Açúcar,Sidul,Makro,1.05,1000
Açúcar mascavado,Açúcar,Dobrado,Auchan,"1,79",500
Chocolate 70%,Cobertura,Callebaut,Silva & Feijóo,"€8,50",1000
Manteiga sem sal,Gordura,Mimosa,Makro,"7,20",1000
Ovos M,Ovo,Matinha,Continente,2.40,600
Bicarbonato de sódio,Fermento,Espiga,Auchan,"€1,10",200
Sal fino,Sal,Vatel,Makro,0.65,1000
Baunilha em pasta,Aroma,Nielsen-Massey,Silva & Feijóo,"18,90",118
Nozes,Fruto seco,A granel,Frusella,"12,00",1000
